"Scenario","Year","age","modelYear","LIB"
"Ambitious",2022,0,2022,629
"Ambitious",2022,1,2021,436
"Ambitious",2022,2,2020,370
"Ambitious",2022,3,2019,519
"Ambitious",2022,4,2018,752
"Ambitious",2022,5,2017,580
"Ambitious",2022,6,2016,2595
"Ambitious",2023,0,2023,709
"Ambitious",2023,1,2022,989
"Ambitious",2023,2,2021,684
"Ambitious",2023,3,2020,579
"Ambitious",2023,4,2019,812
"Ambitious",2023,5,2018,1170
"Ambitious",2023,6,2017,896
"Ambitious",2023,7,2016,1957
"Ambitious",2024,0,2024,1296
"Ambitious",2024,1,2023,1114
"Ambitious",2024,2,2022,1552
"Ambitious",2024,3,2021,1072
"Ambitious",2024,4,2020,905
"Ambitious",2024,5,2019,1263
"Ambitious",2024,6,2018,1810
"Ambitious",2024,7,2017,1372
"Ambitious",2024,8,2016,2620
"Ambitious",2025,0,2025,2196
"Ambitious",2025,1,2024,2037
"Ambitious",2025,2,2023,1749
"Ambitious",2025,3,2022,2431
"Ambitious",2025,4,2021,1675
"Ambitious",2025,5,2020,1409
"Ambitious",2025,6,2019,1953
"Ambitious",2025,7,2018,2770
"Ambitious",2025,8,2017,1587
"Ambitious",2025,9,2016,3706
"Ambitious",2026,0,2026,2710
"Ambitious",2026,1,2025,3450
"Ambitious",2026,2,2024,3197
"Ambitious",2026,3,2023,2741
"Ambitious",2026,4,2022,3800
"Ambitious",2026,5,2021,2607
"Ambitious",2026,6,2020,2178
"Ambitious",2026,7,2019,2990
"Ambitious",2026,8,2018,3548
"Ambitious",2026,9,2017,2288
"Ambitious",2026,10,2016,4921
"Ambitious",2027,0,2027,3249
"Ambitious",2027,1,2026,4259
"Ambitious",2027,2,2025,5416
"Ambitious",2027,3,2024,5010
"Ambitious",2027,4,2023,4284
"Ambitious",2027,5,2022,5914
"Ambitious",2027,6,2021,4031
"Ambitious",2027,7,2020,3334
"Ambitious",2027,8,2019,3679
"Ambitious",2027,9,2018,5163
"Ambitious",2027,10,2017,3138
"Ambitious",2027,11,2016,9556
"Ambitious",2028,0,2028,4006
"Ambitious",2028,1,2027,5105
"Ambitious",2028,2,2026,6685
"Ambitious",2028,3,2025,8487
"Ambitious",2028,4,2024,7830
"Ambitious",2028,5,2023,6667
"Ambitious",2028,6,2022,9145
"Ambitious",2028,7,2021,6171
"Ambitious",2028,8,2020,3781
"Ambitious",2028,9,2019,5346
"Ambitious",2028,10,2018,7198
"Ambitious",2028,11,2017,3979
"Ambitious",2028,12,2016,11484
"Ambitious",2029,0,2029,4903
"Ambitious",2029,1,2028,6295
"Ambitious",2029,2,2027,8013
"Ambitious",2029,3,2026,10476
"Ambitious",2029,4,2025,13264
"Ambitious",2029,5,2024,12187
"Ambitious",2029,6,2023,10309
"Ambitious",2029,7,2022,13999
"Ambitious",2029,8,2021,7481
"Ambitious",2029,9,2020,5497
"Ambitious",2029,10,2019,7433
"Ambitious",2029,11,2018,9403
"Ambitious",2029,12,2017,4430
"Ambitious",2029,13,2016,12242
"Ambitious",2030,0,2030,5713
"Ambitious",2030,1,2029,7705
"Ambitious",2030,2,2028,9881
"Ambitious",2030,3,2027,12556
"Ambitious",2030,4,2026,16372
"Ambitious",2030,5,2025,20644
"Ambitious",2030,6,2024,18844
"Ambitious",2030,7,2023,15781
"Ambitious",2030,8,2022,18506
"Ambitious",2030,9,2021,10982
"Ambitious",2030,10,2020,7640
"Ambitious",2030,11,2019,6315
"Ambitious",2031,0,2031,6244
"Ambitious",2031,1,2030,8978
"Ambitious",2031,2,2029,12095
"Ambitious",2031,3,2028,15483
"Ambitious",2031,4,2027,19623
"Ambitious",2031,5,2026,25481
"Ambitious",2031,6,2025,31921
"Ambitious",2031,7,2024,28846
"Ambitious",2031,8,2023,21765
"Ambitious",2031,9,2022,27327
"Ambitious",2031,10,2021,15483
"Ambitious",2031,11,2020,1802
"Ambitious",2032,0,2032,6816
"Ambitious",2032,1,2031,9811
"Ambitious",2032,2,2030,14092
"Ambitious",2032,3,2029,18952
"Ambitious",2032,4,2028,24198
"Ambitious",2032,5,2027,30541
"Ambitious",2032,6,2026,39401
"Ambitious",2032,7,2025,48865
"Ambitious",2032,8,2024,40999
"Ambitious",2032,9,2023,31907
"Ambitious",2032,10,2022,33984
"Ambitious",2033,0,2033,7536
"Ambitious",2033,1,2032,10711
"Ambitious",2033,2,2031,15400
"Ambitious",2033,3,2030,22083
"Ambitious",2033,4,2029,29620
"Ambitious",2033,5,2028,37660
"Ambitious",2033,6,2027,47225
"Ambitious",2033,7,2026,60315
"Ambitious",2033,8,2025,70430
"Ambitious",2033,9,2024,60197
"Ambitious",2033,10,2023,45033
"Ambitious",2033,11,2022,20932
"Ambitious",2034,0,2034,8253
"Ambitious",2034,1,2033,11843
"Ambitious",2034,2,2032,16813
"Ambitious",2034,3,2031,24132
"Ambitious",2034,4,2030,34512
"Ambitious",2034,5,2029,46099
"Ambitious",2034,6,2028,58234
"Ambitious",2034,7,2027,72292
"Ambitious",2034,8,2026,86187
"Ambitious",2034,9,2025,103504
"Ambitious",2034,10,2024,85194
"Ambitious",2034,11,2023,55027
"Ambitious",2035,0,2035,9461
"Ambitious",2035,1,2034,12969
"Ambitious",2035,2,2033,18589
"Ambitious",2035,3,2032,26346
"Ambitious",2035,4,2031,37715
"Ambitious",2035,5,2030,53712
"Ambitious",2035,6,2029,71282
"Ambitious",2035,7,2028,89145
"Ambitious",2035,8,2027,101722
"Ambitious",2035,9,2026,126716
"Ambitious",2035,10,2025,146713
"Ambitious",2035,11,2024,114258
"Ambitious",2035,12,2023,17383
"Ambitious",2036,0,2036,9542
"Ambitious",2036,1,2035,14867
"Ambitious",2036,2,2034,20357
"Ambitious",2036,3,2033,29130
"Ambitious",2036,4,2032,41175
"Ambitious",2036,5,2031,58698
"Ambitious",2036,6,2030,83054
"Ambitious",2036,7,2029,109119
"Ambitious",2036,8,2028,123381
"Ambitious",2036,9,2027,149633
"Ambitious",2036,10,2026,179722
"Ambitious",2036,11,2025,197294
"Ambitious",2036,12,2024,60413
"Ambitious",2037,0,2037,9610
"Ambitious",2037,1,2036,14994
"Ambitious",2037,2,2035,23336
"Ambitious",2037,3,2034,31900
"Ambitious",2037,4,2033,45525
"Ambitious",2037,5,2032,64082
"Ambitious",2037,6,2031,90764
"Ambitious",2037,7,2030,127140
"Ambitious",2037,8,2029,148627
"Ambitious",2037,9,2028,181763
"Ambitious",2037,10,2027,212362
"Ambitious",2037,11,2026,241870
"Ambitious",2037,12,2025,207891
"Ambitious",2038,0,2038,9693
"Ambitious",2038,1,2037,15102
"Ambitious",2038,2,2036,23536
"Ambitious",2038,3,2035,36568
"Ambitious",2038,4,2034,49855
"Ambitious",2038,5,2033,70853
"Ambitious",2038,6,2032,99089
"Ambitious",2038,7,2031,138943
"Ambitious",2038,8,2030,167919
"Ambitious",2038,9,2029,219367
"Ambitious",2038,10,2028,258452
"Ambitious",2038,11,2027,286004
"Ambitious",2038,12,2026,302275
"Ambitious",2038,13,2025,36606
"Ambitious",2039,0,2039,9765
"Ambitious",2039,1,2038,15232
"Ambitious",2039,2,2037,23705
"Ambitious",2039,3,2036,36881
"Ambitious",2039,4,2035,57150
"Ambitious",2039,5,2034,77591
"Ambitious",2039,6,2033,109559
"Ambitious",2039,7,2032,151688
"Ambitious",2039,8,2031,177684
"Ambitious",2039,9,2030,248752
"Ambitious",2039,10,2029,312644
"Ambitious",2039,11,2028,348882
"Ambitious",2039,12,2027,357683
"Ambitious",2039,13,2026,52280
"Ambitious",2040,0,2040,9852
"Ambitious",2040,1,2039,15344
"Ambitious",2040,2,2038,23909
"Ambitious",2040,3,2037,37146
"Ambitious",2040,4,2036,57639
"Ambitious",2040,5,2035,88945
"Ambitious",2040,6,2034,119978
"Ambitious",2040,7,2033,167715
"Ambitious",2040,8,2032,190946
"Ambitious",2040,9,2031,264288
"Ambitious",2040,10,2030,356028
"Ambitious",2040,11,2029,423163
"Ambitious",2040,12,2028,437522
"Ambitious",2040,13,2027,66923
"Ambitious",2041,0,2041,9886
"Ambitious",2041,1,2040,15481
"Ambitious",2041,2,2039,24085
"Ambitious",2041,3,2038,37466
"Ambitious",2041,4,2037,58054
"Ambitious",2041,5,2036,89706
"Ambitious",2041,6,2035,137534
"Ambitious",2041,7,2034,183665
"Ambitious",2041,8,2033,208321
"Ambitious",2041,9,2032,284503
"Ambitious",2041,10,2031,379920
"Ambitious",2041,11,2030,484013
"Ambitious",2041,12,2029,532250
"Ambitious",2041,13,2028,102858
"Ambitious",2042,0,2042,9924
"Ambitious",2042,1,2041,15535
"Ambitious",2042,2,2040,24300
"Ambitious",2042,3,2039,37742
"Ambitious",2042,4,2038,58554
"Ambitious",2042,5,2037,90352
"Ambitious",2042,6,2036,138711
"Ambitious",2042,7,2035,210540
"Ambitious",2042,8,2034,224501
"Ambitious",2042,9,2033,310929
"Ambitious",2042,10,2032,409762
"Ambitious",2042,11,2031,518669
"Ambitious",2042,12,2030,611326
"Ambitious",2042,13,2029,142841
"Ambitious",2043,0,2043,9952
"Ambitious",2043,1,2042,15595
"Ambitious",2043,2,2041,24385
"Ambitious",2043,3,2040,38078
"Ambitious",2043,4,2039,58985
"Ambitious",2043,5,2038,91131
"Ambitious",2043,6,2037,139709
"Ambitious",2043,7,2036,212342
"Ambitious",2043,8,2035,258027
"Ambitious",2043,9,2034,335935
"Ambitious",2043,10,2033,448697
"Ambitious",2043,11,2032,560485
"Ambitious",2043,12,2031,657440
"Ambitious",2043,13,2030,154222
"Ambitious",2044,0,2044,9985
"Ambitious",2044,1,2043,15639
"Ambitious",2044,2,2042,24479
"Ambitious",2044,3,2041,38211
"Ambitious",2044,4,2040,59511
"Ambitious",2044,5,2039,91801
"Ambitious",2044,6,2038,140914
"Ambitious",2044,7,2037,213869
"Ambitious",2044,8,2036,256150
"Ambitious",2044,9,2035,386387
"Ambitious",2044,10,2034,486102
"Ambitious",2044,11,2033,614972
"Ambitious",2044,12,2032,711697
"Ambitious",2044,13,2031,117232
"Ambitious",2045,0,2045,10068
"Ambitious",2045,1,2044,15690
"Ambitious",2045,2,2043,24548
"Ambitious",2045,3,2042,38359
"Ambitious",2045,4,2041,59718
"Ambitious",2045,5,2040,92620
"Ambitious",2045,6,2039,141951
"Ambitious",2045,7,2038,215713
"Ambitious",2045,8,2037,255758
"Ambitious",2045,9,2036,384145
"Ambitious",2045,10,2035,559523
"Ambitious",2045,11,2034,667980
"Ambitious",2045,12,2033,782372
"Ambitious",2045,13,2032,84120
"Ambitious",2046,0,2046,10143
"Ambitious",2046,1,2045,15821
"Ambitious",2046,2,2044,24628
"Ambitious",2046,3,2043,38467
"Ambitious",2046,4,2042,59949
"Ambitious",2046,5,2041,92942
"Ambitious",2046,6,2040,143216
"Ambitious",2046,7,2039,217301
"Ambitious",2046,8,2038,255034
"Ambitious",2046,9,2037,383519
"Ambitious",2046,10,2036,557162
"Ambitious",2046,11,2035,769430
"Ambitious",2046,12,2034,851750
"Ambitious",2046,13,2033,85049
"Ambitious",2047,0,2047,10186
"Ambitious",2047,1,2046,15938
"Ambitious",2047,2,2045,24834
"Ambitious",2047,3,2044,38593
"Ambitious",2047,4,2043,60118
"Ambitious",2047,5,2042,93301
"Ambitious",2047,6,2041,143715
"Ambitious",2047,7,2040,219238
"Ambitious",2047,8,2039,252239
"Ambitious",2047,9,2038,382578
"Ambitious",2047,10,2037,556295
"Ambitious",2047,11,2036,767335
"Ambitious",2047,12,2035,981888
"Ambitious",2047,13,2034,82899
"Ambitious",2048,0,2048,10212
"Ambitious",2048,1,2047,16006
"Ambitious",2048,2,2046,25018
"Ambitious",2048,3,2045,38915
"Ambitious",2048,4,2044,60314
"Ambitious",2048,5,2043,93564
"Ambitious",2048,6,2042,144269
"Ambitious",2048,7,2041,220001
"Ambitious",2048,8,2040,250513
"Ambitious",2048,9,2039,379112
"Ambitious",2048,10,2038,555267
"Ambitious",2048,11,2037,766334
"Ambitious",2048,12,2036,980381
"Ambitious",2048,13,2035,149207
"Ambitious",2049,0,2049,10272
"Ambitious",2049,1,2048,16048
"Ambitious",2049,2,2047,25125
"Ambitious",2049,3,2046,39204
"Ambitious",2049,4,2045,60818
"Ambitious",2049,5,2044,93870
"Ambitious",2049,6,2043,144676
"Ambitious",2049,7,2042,220850
"Ambitious",2049,8,2041,248321
"Ambitious",2049,9,2040,377326
"Ambitious",2049,10,2039,551429
"Ambitious",2049,11,2038,765518
"Ambitious",2049,12,2037,979412
"Ambitious",2049,13,2036,67326
"Ambitious",2050,0,2050,10364
"Ambitious",2050,1,2049,16142
"Ambitious",2050,2,2048,25190
"Ambitious",2050,3,2047,39371
"Ambitious",2050,4,2046,61269
"Ambitious",2050,5,2045,94655
"Ambitious",2050,6,2044,145150
"Ambitious",2050,7,2043,221473
"Ambitious",2050,8,2042,254025
"Ambitious",2050,9,2041,374981
"Ambitious",2050,10,2040,550123
"Ambitious",2050,11,2039,761885
"Ambitious",2050,12,2038,970740
"Baseline",2022,0,2022,629
"Baseline",2022,1,2021,436
"Baseline",2022,2,2020,370
"Baseline",2022,3,2019,519
"Baseline",2022,4,2018,752
"Baseline",2022,5,2017,580
"Baseline",2022,6,2016,2595
"Baseline",2023,0,2023,709
"Baseline",2023,1,2022,989
"Baseline",2023,2,2021,684
"Baseline",2023,3,2020,579
"Baseline",2023,4,2019,812
"Baseline",2023,5,2018,1170
"Baseline",2023,6,2017,896
"Baseline",2023,7,2016,1957
"Baseline",2024,0,2024,899
"Baseline",2024,1,2023,1114
"Baseline",2024,2,2022,1552
"Baseline",2024,3,2021,1072
"Baseline",2024,4,2020,905
"Baseline",2024,5,2019,1263
"Baseline",2024,6,2018,1810
"Baseline",2024,7,2017,1372
"Baseline",2024,8,2016,2700
"Baseline",2025,0,2025,1106
"Baseline",2025,1,2024,1412
"Baseline",2025,2,2023,1749
"Baseline",2025,3,2022,2431
"Baseline",2025,4,2021,1675
"Baseline",2025,5,2020,1409
"Baseline",2025,6,2019,1953
"Baseline",2025,7,2018,2770
"Baseline",2025,8,2017,1807
"Baseline",2025,9,2016,3833
"Baseline",2026,0,2026,1349
"Baseline",2026,1,2025,1737
"Baseline",2026,2,2024,2216
"Baseline",2026,3,2023,2741
"Baseline",2026,4,2022,3800
"Baseline",2026,5,2021,2607
"Baseline",2026,6,2020,2178
"Baseline",2026,7,2019,2990
"Baseline",2026,8,2018,3820
"Baseline",2026,9,2017,2635
"Baseline",2026,10,2016,5121
"Baseline",2027,0,2027,1627
"Baseline",2027,1,2026,2120
"Baseline",2027,2,2025,2727
"Baseline",2027,3,2024,3473
"Baseline",2027,4,2023,4284
"Baseline",2027,5,2022,5914
"Baseline",2027,6,2021,4031
"Baseline",2027,7,2020,3334
"Baseline",2027,8,2019,3999
"Baseline",2027,9,2018,5593
"Baseline",2027,10,2017,3686
"Baseline",2027,11,2016,9873
"Baseline",2028,0,2028,1954
"Baseline",2028,1,2027,2556
"Baseline",2028,2,2026,3327
"Baseline",2028,3,2025,4273
"Baseline",2028,4,2024,5428
"Baseline",2028,5,2023,6667
"Baseline",2028,6,2022,9145
"Baseline",2028,7,2021,6171
"Baseline",2028,8,2020,4174
"Baseline",2028,9,2019,5851
"Baseline",2028,10,2018,7877
"Baseline",2028,11,2017,4845
"Baseline",2028,12,2016,11985
"Baseline",2029,0,2029,2374
"Baseline",2029,1,2028,3070
"Baseline",2029,2,2027,4012
"Baseline",2029,3,2026,5214
"Baseline",2029,4,2025,6679
"Baseline",2029,5,2024,8448
"Baseline",2029,6,2023,10309
"Baseline",2029,7,2022,13999
"Baseline",2029,8,2021,7940
"Baseline",2029,9,2020,6121
"Baseline",2029,10,2019,8232
"Baseline",2029,11,2018,10479
"Baseline",2029,12,2017,5802
"Baseline",2029,13,2016,13036
"Baseline",2030,0,2030,2861
"Baseline",2030,1,2029,3731
"Baseline",2030,2,2028,4819
"Baseline",2030,3,2027,6287
"Baseline",2030,4,2026,8148
"Baseline",2030,5,2025,10394
"Baseline",2030,6,2024,13063
"Baseline",2030,7,2023,15781
"Baseline",2030,8,2022,18961
"Baseline",2030,9,2021,11718
"Baseline",2030,10,2020,8633
"Baseline",2030,11,2019,10928
"Baseline",2030,12,2018,1804
"Baseline",2031,0,2031,2991
"Baseline",2031,1,2030,4496
"Baseline",2031,2,2029,5856
"Baseline",2031,3,2028,7551
"Baseline",2031,4,2027,9826
"Baseline",2031,5,2026,12681
"Baseline",2031,6,2025,16072
"Baseline",2031,7,2024,19997
"Baseline",2031,8,2023,22265
"Baseline",2031,9,2022,28082
"Baseline",2031,10,2021,16667
"Baseline",2031,11,2020,11479
"Baseline",2031,12,2019,1949
"Baseline",2032,0,2032,3123
"Baseline",2032,1,2031,4700
"Baseline",2032,2,2030,7057
"Baseline",2032,3,2029,9176
"Baseline",2032,4,2028,11802
"Baseline",2032,5,2027,15293
"Baseline",2032,6,2026,19609
"Baseline",2032,7,2025,24604
"Baseline",2032,8,2024,28191
"Baseline",2032,9,2023,32739
"Baseline",2032,10,2022,40119
"Baseline",2032,11,2021,14797
"Baseline",2033,0,2033,3253
"Baseline",2033,1,2032,4908
"Baseline",2033,2,2031,7378
"Baseline",2033,3,2030,11058
"Baseline",2033,4,2029,14341
"Baseline",2033,5,2028,18367
"Baseline",2033,6,2027,23647
"Baseline",2033,7,2026,30018
"Baseline",2033,8,2025,34559
"Baseline",2033,9,2024,41460
"Baseline",2033,10,2023,46428
"Baseline",2033,11,2022,53220
"Baseline",2034,0,2034,3400
"Baseline",2034,1,2033,5111
"Baseline",2034,2,2032,7704
"Baseline",2034,3,2031,11562
"Baseline",2034,4,2030,17282
"Baseline",2034,5,2029,22319
"Baseline",2034,6,2028,28401
"Baseline",2034,7,2027,36200
"Baseline",2034,8,2026,41408
"Baseline",2034,9,2025,50832
"Baseline",2034,10,2024,58816
"Baseline",2034,11,2023,62436
"Baseline",2034,12,2022,44172
"Baseline",2035,0,2035,3566
"Baseline",2035,1,2034,5343
"Baseline",2035,2,2033,8023
"Baseline",2035,3,2032,12072
"Baseline",2035,4,2031,18069
"Baseline",2035,5,2030,26896
"Baseline",2035,6,2029,34512
"Baseline",2035,7,2028,43477
"Baseline",2035,8,2027,48392
"Baseline",2035,9,2026,60992
"Baseline",2035,10,2025,72136
"Baseline",2035,11,2024,79153
"Baseline",2035,12,2023,77872
"Baseline",2035,13,2022,6970
"Baseline",2036,0,2036,3740
"Baseline",2036,1,2035,5603
"Baseline",2036,2,2034,8387
"Baseline",2036,3,2033,12572
"Baseline",2036,4,2032,18867
"Baseline",2036,5,2031,28122
"Baseline",2036,6,2030,41589
"Baseline",2036,7,2029,52831
"Baseline",2036,8,2028,56824
"Baseline",2036,9,2027,71557
"Baseline",2036,10,2026,86712
"Baseline",2036,11,2025,97140
"Baseline",2036,12,2024,96821
"Baseline",2037,0,2037,3912
"Baseline",2037,1,2036,5877
"Baseline",2037,2,2035,8795
"Baseline",2037,3,2034,13143
"Baseline",2037,4,2033,19648
"Baseline",2037,5,2032,29363
"Baseline",2037,6,2031,43484
"Baseline",2037,7,2030,63666
"Baseline",2037,8,2029,69591
"Baseline",2037,9,2028,84301
"Baseline",2037,10,2027,102191
"Baseline",2037,11,2026,117032
"Baseline",2037,12,2025,121469
"Baseline",2037,13,2024,3016
"Baseline",2038,0,2038,4092
"Baseline",2038,1,2037,6147
"Baseline",2038,2,2036,9225
"Baseline",2038,3,2035,13782
"Baseline",2038,4,2034,20540
"Baseline",2038,5,2033,30578
"Baseline",2038,6,2032,45403
"Baseline",2038,7,2031,66566
"Baseline",2038,8,2030,83741
"Baseline",2038,9,2029,103152
"Baseline",2038,10,2028,120828
"Baseline",2038,11,2027,138575
"Baseline",2038,12,2026,146727
"Baseline",2038,13,2025,7013
"Baseline",2039,0,2039,4269
"Baseline",2039,1,2038,6430
"Baseline",2039,2,2037,9649
"Baseline",2039,3,2036,14456
"Baseline",2039,4,2035,21539
"Baseline",2039,5,2034,31967
"Baseline",2039,6,2033,47283
"Baseline",2039,7,2032,69504
"Baseline",2039,8,2031,85720
"Baseline",2039,9,2030,124212
"Baseline",2039,10,2029,147737
"Baseline",2039,11,2028,164450
"Baseline",2039,12,2027,174520
"Baseline",2039,13,2026,12620
"Baseline",2040,0,2040,4456
"Baseline",2040,1,2039,6708
"Baseline",2040,2,2038,10092
"Baseline",2040,3,2037,15120
"Baseline",2040,4,2036,22592
"Baseline",2040,5,2035,33522
"Baseline",2040,6,2034,49430
"Baseline",2040,7,2033,72381
"Baseline",2040,8,2032,87387
"Baseline",2040,9,2031,127372
"Baseline",2040,10,2030,178044
"Baseline",2040,11,2029,200988
"Baseline",2040,12,2028,207822
"Baseline",2040,13,2027,20780
"Baseline",2041,0,2041,4620
"Baseline",2041,1,2040,7001
"Baseline",2041,2,2039,10530
"Baseline",2041,3,2038,15815
"Baseline",2041,4,2037,23630
"Baseline",2041,5,2036,35161
"Baseline",2041,6,2035,51835
"Baseline",2041,7,2034,75669
"Baseline",2041,8,2033,88500
"Baseline",2041,9,2032,130128
"Baseline",2041,10,2031,182930
"Baseline",2041,11,2030,242440
"Baseline",2041,12,2029,254031
"Baseline",2041,13,2028,36605
"Baseline",2042,0,2042,4788
"Baseline",2042,1,2041,7260
"Baseline",2042,2,2040,10990
"Baseline",2042,3,2039,16500
"Baseline",2042,4,2038,24716
"Baseline",2042,5,2037,36776
"Baseline",2042,6,2036,54369
"Baseline",2042,7,2035,79349
"Baseline",2042,8,2034,89664
"Baseline",2042,9,2033,132165
"Baseline",2042,10,2032,187329
"Baseline",2042,11,2031,249563
"Baseline",2042,12,2030,306755
"Baseline",2042,13,2029,61538
"Baseline",2043,0,2043,4951
"Baseline",2043,1,2042,7523
"Baseline",2043,2,2041,11396
"Baseline",2043,3,2040,17221
"Baseline",2043,4,2039,25787
"Baseline",2043,5,2038,38467
"Baseline",2043,6,2037,56867
"Baseline",2043,7,2036,83229
"Baseline",2043,8,2035,91593
"Baseline",2043,9,2034,134458
"Baseline",2043,10,2033,190862
"Baseline",2043,11,2032,256152
"Baseline",2043,12,2031,316243
"Baseline",2043,13,2030,91858
"Baseline",2044,0,2044,5118
"Baseline",2044,1,2043,7780
"Baseline",2044,2,2042,11809
"Baseline",2044,3,2041,17857
"Baseline",2044,4,2040,26914
"Baseline",2044,5,2039,40134
"Baseline",2044,6,2038,59481
"Baseline",2044,7,2037,87052
"Baseline",2044,8,2036,95166
"Baseline",2044,9,2035,137964
"Baseline",2044,10,2034,195037
"Baseline",2044,11,2033,261794
"Baseline",2044,12,2032,325209
"Baseline",2044,13,2031,69043
"Baseline",2045,0,2045,5312
"Baseline",2045,1,2044,8042
"Baseline",2045,2,2043,12212
"Baseline",2045,3,2042,18505
"Baseline",2045,4,2041,27908
"Baseline",2045,5,2040,41888
"Baseline",2045,6,2039,62059
"Baseline",2045,7,2038,91055
"Baseline",2045,8,2037,101439
"Baseline",2045,9,2036,143702
"Baseline",2045,10,2035,201048
"Baseline",2045,11,2034,268659
"Baseline",2045,12,2033,333250
"Baseline",2045,13,2032,43248
"Baseline",2046,0,2046,5505
"Baseline",2046,1,2045,8348
"Baseline",2046,2,2044,12623
"Baseline",2046,3,2043,19137
"Baseline",2046,4,2042,28920
"Baseline",2046,5,2041,43435
"Baseline",2046,6,2040,64771
"Baseline",2046,7,2039,95001
"Baseline",2046,8,2038,108065
"Baseline",2046,9,2037,152690
"Baseline",2046,10,2036,209905
"Baseline",2046,11,2035,278105
"Baseline",2046,12,2034,343209
"Baseline",2046,13,2033,14887
"Baseline",2047,0,2047,5682
"Baseline",2047,1,2046,8650
"Baseline",2047,2,2045,13103
"Baseline",2047,3,2044,19781
"Baseline",2047,4,2043,29908
"Baseline",2047,5,2042,45009
"Baseline",2047,6,2041,67163
"Baseline",2047,7,2040,99153
"Baseline",2047,8,2039,114519
"Baseline",2047,9,2038,162156
"Baseline",2047,10,2037,222336
"Baseline",2047,11,2036,290932
"Baseline",2047,12,2035,344288
"Baseline",2048,0,2048,5850
"Baseline",2048,1,2047,8928
"Baseline",2048,2,2046,13578
"Baseline",2048,3,2045,20533
"Baseline",2048,4,2044,30915
"Baseline",2048,5,2043,46547
"Baseline",2048,6,2042,69597
"Baseline",2048,7,2041,102814
"Baseline",2048,8,2040,120758
"Baseline",2048,9,2039,171350
"Baseline",2048,10,2038,235381
"Baseline",2048,11,2037,307323
"Baseline",2048,12,2036,337434
"Baseline",2049,0,2049,6040
"Baseline",2049,1,2048,9193
"Baseline",2049,2,2047,14014
"Baseline",2049,3,2046,21276
"Baseline",2049,4,2045,32090
"Baseline",2049,5,2044,48114
"Baseline",2049,6,2043,71975
"Baseline",2049,7,2042,106541
"Baseline",2049,8,2041,125673
"Baseline",2049,9,2040,180365
"Baseline",2049,10,2039,248021
"Baseline",2049,11,2038,324465
"Baseline",2049,12,2037,339890
"Baseline",2050,0,2050,6250
"Baseline",2050,1,2049,9491
"Baseline",2050,2,2048,14430
"Baseline",2050,3,2047,21961
"Baseline",2050,4,2046,33252
"Baseline",2050,5,2045,49943
"Baseline",2050,6,2044,74399
"Baseline",2050,7,2043,110180
"Baseline",2050,8,2042,130335
"Baseline",2050,9,2041,187592
"Baseline",2050,10,2040,260596
"Baseline",2050,11,2039,341040
"Baseline",2050,12,2038,349619
"Momentum",2022,0,2022,629
"Momentum",2022,1,2021,436
"Momentum",2022,2,2020,370
"Momentum",2022,3,2019,519
"Momentum",2022,4,2018,752
"Momentum",2022,5,2017,580
"Momentum",2022,6,2016,2595
"Momentum",2023,0,2023,709
"Momentum",2023,1,2022,989
"Momentum",2023,2,2021,684
"Momentum",2023,3,2020,579
"Momentum",2023,4,2019,812
"Momentum",2023,5,2018,1170
"Momentum",2023,6,2017,896
"Momentum",2023,7,2016,1957
"Momentum",2024,0,2024,1013
"Momentum",2024,1,2023,1114
"Momentum",2024,2,2022,1552
"Momentum",2024,3,2021,1072
"Momentum",2024,4,2020,905
"Momentum",2024,5,2019,1263
"Momentum",2024,6,2018,1810
"Momentum",2024,7,2017,1372
"Momentum",2024,8,2016,2677
"Momentum",2025,0,2025,1406
"Momentum",2025,1,2024,1592
"Momentum",2025,2,2023,1749
"Momentum",2025,3,2022,2431
"Momentum",2025,4,2021,1675
"Momentum",2025,5,2020,1409
"Momentum",2025,6,2019,1953
"Momentum",2025,7,2018,2770
"Momentum",2025,8,2017,1747
"Momentum",2025,9,2016,3797
"Momentum",2026,0,2026,1935
"Momentum",2026,1,2025,2209
"Momentum",2026,2,2024,2499
"Momentum",2026,3,2023,2741
"Momentum",2026,4,2022,3800
"Momentum",2026,5,2021,2607
"Momentum",2026,6,2020,2178
"Momentum",2026,7,2019,2990
"Momentum",2026,8,2018,3702
"Momentum",2026,9,2017,2539
"Momentum",2026,10,2016,5063
"Momentum",2027,0,2027,2631
"Momentum",2027,1,2026,3040
"Momentum",2027,2,2025,3467
"Momentum",2027,3,2024,3916
"Momentum",2027,4,2023,4284
"Momentum",2027,5,2022,5914
"Momentum",2027,6,2021,4031
"Momentum",2027,7,2020,3334
"Momentum",2027,8,2019,3798
"Momentum",2027,9,2018,5407
"Momentum",2027,10,2017,3535
"Momentum",2027,11,2016,9781
"Momentum",2028,0,2028,3012
"Momentum",2028,1,2027,4135
"Momentum",2028,2,2026,4772
"Momentum",2028,3,2025,5433
"Momentum",2028,4,2024,6120
"Momentum",2028,5,2023,6667
"Momentum",2028,6,2022,9145
"Momentum",2028,7,2021,6171
"Momentum",2028,8,2020,3968
"Momentum",2028,9,2019,5535
"Momentum",2028,10,2018,7584
"Momentum",2028,11,2017,4607
"Momentum",2028,12,2016,11840
"Momentum",2029,0,2029,3860
"Momentum",2029,1,2028,4733
"Momentum",2029,2,2027,6491
"Momentum",2029,3,2026,7478
"Momentum",2029,4,2025,8490
"Momentum",2029,5,2024,9525
"Momentum",2029,6,2023,10309
"Momentum",2029,7,2022,13999
"Momentum",2029,8,2021,7658
"Momentum",2029,9,2020,5795
"Momentum",2029,10,2019,7732
"Momentum",2029,11,2018,10015
"Momentum",2029,12,2017,5425
"Momentum",2029,13,2016,12807
"Momentum",2030,0,2030,4310
"Momentum",2030,1,2029,6066
"Momentum",2030,2,2028,7429
"Momentum",2030,3,2027,10171
"Momentum",2030,4,2026,11687
"Momentum",2030,5,2025,13214
"Momentum",2030,6,2024,14728
"Momentum",2030,7,2023,15781
"Momentum",2030,8,2022,18712
"Momentum",2030,9,2021,11269
"Momentum",2030,10,2020,8115
"Momentum",2030,11,2019,10135
"Momentum",2030,12,2018,105
"Momentum",2031,0,2031,5066
"Momentum",2031,1,2030,6773
"Momentum",2031,2,2029,9521
"Momentum",2031,3,2028,11641
"Momentum",2031,4,2027,15896
"Momentum",2031,5,2026,18189
"Momentum",2031,6,2025,20433
"Momentum",2031,7,2024,22546
"Momentum",2031,8,2023,21925
"Momentum",2031,9,2022,27677
"Momentum",2031,10,2021,15952
"Momentum",2031,11,2020,8689
"Momentum",2032,0,2032,5685
"Momentum",2032,1,2031,7961
"Momentum",2032,2,2030,10632
"Momentum",2032,3,2029,14920
"Momentum",2032,4,2028,18193
"Momentum",2032,5,2027,24739
"Momentum",2032,6,2026,28125
"Momentum",2032,7,2025,31279
"Momentum",2032,8,2024,31631
"Momentum",2032,9,2023,32180
"Momentum",2032,10,2022,39459
"Momentum",2032,11,2021,6264
"Momentum",2033,0,2033,6276
"Momentum",2033,1,2032,8934
"Momentum",2033,2,2031,12496
"Momentum",2033,3,2030,16660
"Momentum",2033,4,2029,23318
"Momentum",2033,5,2028,28315
"Momentum",2033,6,2027,38254
"Momentum",2033,7,2026,43055
"Momentum",2033,8,2025,44129
"Momentum",2033,9,2024,46447
"Momentum",2033,10,2023,45504
"Momentum",2033,11,2022,39095
"Momentum",2034,0,2034,6518
"Momentum",2034,1,2033,9862
"Momentum",2034,2,2032,14023
"Momentum",2034,3,2031,19581
"Momentum",2034,4,2030,26038
"Momentum",2034,5,2029,36291
"Momentum",2034,6,2028,43783
"Momentum",2034,7,2027,58559
"Momentum",2034,8,2026,60535
"Momentum",2034,9,2025,64833
"Momentum",2034,10,2024,65740
"Momentum",2034,11,2023,60911
"Momentum",2034,12,2022,22583
"Momentum",2035,0,2035,6806
"Momentum",2035,1,2034,10242
"Momentum",2035,2,2033,15480
"Momentum",2035,3,2032,21975
"Momentum",2035,4,2031,30602
"Momentum",2035,5,2030,40524
"Momentum",2035,6,2029,56116
"Momentum",2035,7,2028,67024
"Momentum",2035,8,2027,81666
"Momentum",2035,9,2026,89044
"Momentum",2035,10,2025,91841
"Momentum",2035,11,2024,88156
"Momentum",2035,12,2023,52783
"Momentum",2036,0,2036,6931
"Momentum",2036,1,2035,10695
"Momentum",2036,2,2034,16077
"Momentum",2036,3,2033,24258
"Momentum",2036,4,2032,34343
"Momentum",2036,5,2031,47628
"Momentum",2036,6,2030,62661
"Momentum",2036,7,2029,85904
"Momentum",2036,8,2028,91613
"Momentum",2036,9,2027,120327
"Momentum",2036,10,2026,126357
"Momentum",2036,11,2025,123345
"Momentum",2036,12,2024,64182
"Momentum",2037,0,2037,7050
"Momentum",2037,1,2036,10892
"Momentum",2037,2,2035,16788
"Momentum",2037,3,2034,25194
"Momentum",2037,4,2033,37911
"Momentum",2037,5,2032,53449
"Momentum",2037,6,2031,73646
"Momentum",2037,7,2030,95923
"Momentum",2037,8,2029,117582
"Momentum",2037,9,2028,135205
"Momentum",2037,10,2027,171114
"Momentum",2037,11,2026,170122
"Momentum",2037,12,2025,116583
"Momentum",2038,0,2038,7179
"Momentum",2038,1,2037,11078
"Momentum",2038,2,2036,17097
"Momentum",2038,3,2035,26307
"Momentum",2038,4,2034,39374
"Momentum",2038,5,2033,59003
"Momentum",2038,6,2032,82648
"Momentum",2038,7,2031,112739
"Momentum",2038,8,2030,128295
"Momentum",2038,9,2029,173582
"Momentum",2038,10,2028,192645
"Momentum",2038,11,2027,230989
"Momentum",2038,12,2026,193068
"Momentum",2039,0,2039,7300
"Momentum",2039,1,2038,11281
"Momentum",2039,2,2037,17389
"Momentum",2039,3,2036,26791
"Momentum",2039,4,2035,41113
"Momentum",2039,5,2034,61279
"Momentum",2039,6,2033,91235
"Momentum",2039,7,2032,126519
"Momentum",2039,8,2031,148220
"Momentum",2039,9,2030,189771
"Momentum",2039,10,2029,247447
"Momentum",2039,11,2028,260598
"Momentum",2039,12,2027,289638
"Momentum",2039,13,2026,7027
"Momentum",2040,0,2040,7435
"Momentum",2040,1,2039,11472
"Momentum",2040,2,2038,17707
"Momentum",2040,3,2037,27249
"Momentum",2040,4,2036,41871
"Momentum",2040,5,2035,63987
"Momentum",2040,6,2034,94755
"Momentum",2040,7,2033,139664
"Momentum",2040,8,2032,162885
"Momentum",2040,9,2031,219693
"Momentum",2040,10,2030,271152
"Momentum",2040,11,2029,335003
"Momentum",2040,12,2028,327438
"Momentum",2040,13,2027,54798
"Momentum",2041,0,2041,7530
"Momentum",2041,1,2040,11683
"Momentum",2041,2,2039,18007
"Momentum",2041,3,2038,27748
"Momentum",2041,4,2037,42586
"Momentum",2041,5,2036,65166
"Momentum",2041,6,2035,98942
"Momentum",2041,7,2034,145053
"Momentum",2041,8,2033,175943
"Momentum",2041,9,2032,242033
"Momentum",2041,10,2031,314660
"Momentum",2041,11,2030,367994
"Momentum",2041,12,2029,421514
"Momentum",2041,13,2028,50856
"Momentum",2042,0,2042,7629
"Momentum",2042,1,2041,11833
"Momentum",2042,2,2040,18339
"Momentum",2042,3,2039,28217
"Momentum",2042,4,2038,43365
"Momentum",2042,5,2037,66279
"Momentum",2042,6,2036,100764
"Momentum",2042,7,2035,151462
"Momentum",2042,8,2034,178777
"Momentum",2042,9,2033,262288
"Momentum",2042,10,2032,347632
"Momentum",2042,11,2031,428144
"Momentum",2042,12,2030,464086
"Momentum",2042,13,2029,108437
"Momentum",2043,0,2043,7721
"Momentum",2043,1,2042,11988
"Momentum",2043,2,2041,18574
"Momentum",2043,3,2040,28737
"Momentum",2043,4,2039,44099
"Momentum",2043,5,2038,67492
"Momentum",2043,6,2037,102486
"Momentum",2043,7,2036,154252
"Momentum",2043,8,2035,181431
"Momentum",2043,9,2034,267053
"Momentum",2043,10,2033,378005
"Momentum",2043,11,2032,474355
"Momentum",2043,12,2031,541337
"Momentum",2043,13,2030,105701
"Momentum",2044,0,2044,7816
"Momentum",2044,1,2043,12132
"Momentum",2044,2,2042,18818
"Momentum",2044,3,2041,29106
"Momentum",2044,4,2040,44911
"Momentum",2044,5,2039,68634
"Momentum",2044,6,2038,104361
"Momentum",2044,7,2037,156887
"Momentum",2044,8,2036,181093
"Momentum",2044,9,2035,272131
"Momentum",2044,10,2034,385763
"Momentum",2044,11,2033,517443
"Momentum",2044,12,2032,601320
"Momentum",2044,13,2031,140638
"Momentum",2045,0,2045,7952
"Momentum",2045,1,2044,12282
"Momentum",2045,2,2043,19044
"Momentum",2045,3,2042,29488
"Momentum",2045,4,2041,45488
"Momentum",2045,5,2040,69898
"Momentum",2045,6,2039,106128
"Momentum",2045,7,2038,159758
"Momentum",2045,8,2037,179667
"Momentum",2045,9,2036,272171
"Momentum",2045,10,2035,394763
"Momentum",2045,11,2034,529299
"Momentum",2045,12,2033,657708
"Momentum",2045,13,2032,148666
"Momentum",2046,0,2046,8084
"Momentum",2046,1,2045,12496
"Momentum",2046,2,2044,19279
"Momentum",2046,3,2043,29842
"Momentum",2046,4,2042,46085
"Momentum",2046,5,2041,70795
"Momentum",2046,6,2040,108081
"Momentum",2046,7,2039,162462
"Momentum",2046,8,2038,180980
"Momentum",2046,9,2037,270998
"Momentum",2046,10,2036,395720
"Momentum",2046,11,2035,543751
"Momentum",2046,12,2034,674149
"Momentum",2046,13,2033,148770
"Momentum",2047,0,2047,8190
"Momentum",2047,1,2046,12703
"Momentum",2047,2,2045,19615
"Momentum",2047,3,2044,30211
"Momentum",2047,4,2043,46638
"Momentum",2047,5,2042,71724
"Momentum",2047,6,2041,109469
"Momentum",2047,7,2040,165453
"Momentum",2047,8,2039,184015
"Momentum",2047,9,2038,273407
"Momentum",2047,10,2037,395486
"Momentum",2047,11,2036,546314
"Momentum",2047,12,2035,694720
"Momentum",2047,13,2034,98043
"Momentum",2048,0,2048,8283
"Momentum",2048,1,2047,12869
"Momentum",2048,2,2046,19939
"Momentum",2048,3,2045,30737
"Momentum",2048,4,2044,47215
"Momentum",2048,5,2043,72585
"Momentum",2048,6,2042,110906
"Momentum",2048,7,2041,167576
"Momentum",2048,8,2040,190264
"Momentum",2048,9,2039,278004
"Momentum",2048,10,2038,399670
"Momentum",2048,11,2037,547873
"Momentum",2048,12,2036,699383
"Momentum",2048,13,2035,50738
"Momentum",2049,0,2049,8404
"Momentum",2049,1,2048,13016
"Momentum",2049,2,2047,20201
"Momentum",2049,3,2046,31245
"Momentum",2049,4,2045,48037
"Momentum",2049,5,2044,73483
"Momentum",2049,6,2043,112237
"Momentum",2049,7,2042,169777
"Momentum",2049,8,2041,195520
"Momentum",2049,9,2040,286647
"Momentum",2049,10,2039,406419
"Momentum",2049,11,2038,554549
"Momentum",2049,12,2037,688284
"Momentum",2050,0,2050,8552
"Momentum",2050,1,2049,13206
"Momentum",2050,2,2048,20430
"Momentum",2050,3,2047,31655
"Momentum",2050,4,2046,48831
"Momentum",2050,5,2045,74763
"Momentum",2050,6,2044,113626
"Momentum",2050,7,2043,171814
"Momentum",2050,8,2042,201439
"Momentum",2050,9,2041,293774
"Momentum",2050,10,2040,417922
"Momentum",2050,11,2039,563968
"Momentum",2050,12,2038,638020
